{"minzoom":0,"maxzoom":9,"center":[1.054687,35.746001,9.0],"bounds":[-8.66934,18.95433,11.99785,37.08596]}