{"minzoom":0,"maxzoom":8,"center":[2.109375,36.02928,8.0],"bounds":[-8.66934,18.95433,11.99785,37.08596]}